FirstName,LastName,Position,Departament,Salary
FirstName_1,LastName_1,Position_1,Departament_1,1001
FirstName_2,LastName_2,Position_2,Departament_2,1002
FirstName_3,LastName_3,Position_3,Departament_3,1003
FirstName_4,LastName_4,Position_4,Departament_4,1004
FirstName_5,LastName_5,Position_5,Departament_5,1005
FirstName_6,LastName_6,Position_6,Departament_6,1006
FirstName_7,LastName_7,Position_7,Departament_7,1007
FirstName_8,LastName_8,Position_8,Departament_8,1008
FirstName_9,LastName_9,Position_9,Departament_9,1009
FirstName_10,LastName_10,Position_10,Departament_10,1010
FirstName_11,LastName_11,Position_11,Departament_11,1011
FirstName_12,LastName_12,Position_12,Departament_12,1012
FirstName_13,LastName_13,Position_13,Departament_13,1013
FirstName_14,LastName_14,Position_14,Departament_14,1014
FirstName_15,LastName_15,Position_15,Departament_15,1015
FirstName_16,LastName_16,Position_16,Departament_16,1016
FirstName_17,LastName_17,Position_17,Departament_17,1017
FirstName_18,LastName_18,Position_18,Departament_18,1018
FirstName_19,LastName_19,Position_19,Departament_19,1019
FirstName_20,LastName_20,Position_20,Departament_20,1020
FirstName_21,LastName_21,Position_21,Departament_21,1021
FirstName_22,LastName_22,Position_22,Departament_22,1022
FirstName_23,LastName_23,Position_23,Departament_23,1023
FirstName_24,LastName_24,Position_24,Departament_24,1024
FirstName_25,LastName_25,Position_25,Departament_25,1025
FirstName_26,LastName_26,Position_26,Departament_26,1026
FirstName_27,LastName_27,Position_27,Departament_27,1027
FirstName_28,LastName_28,Position_28,Departament_28,1028
FirstName_29,LastName_29,Position_29,Departament_29,1029
FirstName_30,LastName_30,Position_30,Departament_30,1030
FirstName_31,LastName_31,Position_31,Departament_31,1031
FirstName_32,LastName_32,Position_32,Departament_32,1032
FirstName_33,LastName_33,Position_33,Departament_33,1033
FirstName_34,LastName_34,Position_34,Departament_34,1034
FirstName_35,LastName_35,Position_35,Departament_35,1035
FirstName_36,LastName_36,Position_36,Departament_36,1036
FirstName_37,LastName_37,Position_37,Departament_37,1037
FirstName_38,LastName_38,Position_38,Departament_38,1038
FirstName_39,LastName_39,Position_39,Departament_39,1039
FirstName_40,LastName_40,Position_40,Departament_40,1040
FirstName_41,LastName_41,Position_41,Departament_41,1041
FirstName_42,LastName_42,Position_42,Departament_42,1042
FirstName_43,LastName_43,Position_43,Departament_43,1043
FirstName_44,LastName_44,Position_44,Departament_44,1044
FirstName_45,LastName_45,Position_45,Departament_45,1045
FirstName_46,LastName_46,Position_46,Departament_46,1046
FirstName_47,LastName_47,Position_47,Departament_47,1047
FirstName_48,LastName_48,Position_48,Departament_48,1048
FirstName_49,LastName_49,Position_49,Departament_49,1049
FirstName_50,LastName_50,Position_50,Departament_50,1050
FirstName_51,LastName_51,Position_51,Departament_51,1051
FirstName_52,LastName_52,Position_52,Departament_52,1052
FirstName_53,LastName_53,Position_53,Departament_53,1053
FirstName_54,LastName_54,Position_54,Departament_54,1054
FirstName_55,LastName_55,Position_55,Departament_55,1055
FirstName_56,LastName_56,Position_56,Departament_56,1056
FirstName_57,LastName_57,Position_57,Departament_57,1057
FirstName_58,LastName_58,Position_58,Departament_58,1058
FirstName_59,LastName_59,Position_59,Departament_59,1059
FirstName_60,LastName_60,Position_60,Departament_60,1060
FirstName_61,LastName_61,Position_61,Departament_61,1061
FirstName_62,LastName_62,Position_62,Departament_62,1062
FirstName_63,LastName_63,Position_63,Departament_63,1063
FirstName_64,LastName_64,Position_64,Departament_64,1064
FirstName_65,LastName_65,Position_65,Departament_65,1065
FirstName_66,LastName_66,Position_66,Departament_66,1066
FirstName_67,LastName_67,Position_67,Departament_67,1067
FirstName_68,LastName_68,Position_68,Departament_68,1068
FirstName_69,LastName_69,Position_69,Departament_69,1069
FirstName_70,LastName_70,Position_70,Departament_70,1070
FirstName_71,LastName_71,Position_71,Departament_71,1071
FirstName_72,LastName_72,Position_72,Departament_72,1072
FirstName_73,LastName_73,Position_73,Departament_73,1073
FirstName_74,LastName_74,Position_74,Departament_74,1074
FirstName_75,LastName_75,Position_75,Departament_75,1075
FirstName_76,LastName_76,Position_76,Departament_76,1076
FirstName_77,LastName_77,Position_77,Departament_77,1077
FirstName_78,LastName_78,Position_78,Departament_78,1078
FirstName_79,LastName_79,Position_79,Departament_79,1079
FirstName_80,LastName_80,Position_80,Departament_80,1080
FirstName_81,LastName_81,Position_81,Departament_81,1081
FirstName_82,LastName_82,Position_82,Departament_82,1082
FirstName_83,LastName_83,Position_83,Departament_83,1083
FirstName_84,LastName_84,Position_84,Departament_84,1084
FirstName_85,LastName_85,Position_85,Departament_85,1085
FirstName_86,LastName_86,Position_86,Departament_86,1086
FirstName_87,LastName_87,Position_87,Departament_87,1087
FirstName_88,LastName_88,Position_88,Departament_88,1088
FirstName_89,LastName_89,Position_89,Departament_89,1089
FirstName_90,LastName_90,Position_90,Departament_90,1090
FirstName_91,LastName_91,Position_91,Departament_91,1091
FirstName_92,LastName_92,Position_92,Departament_92,1092
FirstName_93,LastName_93,Position_93,Departament_93,1093
FirstName_94,LastName_94,Position_94,Departament_94,1094
FirstName_95,LastName_95,Position_95,Departament_95,1095
FirstName_96,LastName_96,Position_96,Departament_96,1096
FirstName_97,LastName_97,Position_97,Departament_97,1097
FirstName_98,LastName_98,Position_98,Departament_98,1098
FirstName_99,LastName_99,Position_99,Departament_99,1099
FirstName_100,LastName_100,Position_100,Departament_100,1100
FirstName_101,LastName_101,Position_101,Departament_101,1101
FirstName_102,LastName_102,Position_102,Departament_102,1102
FirstName_103,LastName_103,Position_103,Departament_103,1103
FirstName_104,LastName_104,Position_104,Departament_104,1104
FirstName_105,LastName_105,Position_105,Departament_105,1105
FirstName_106,LastName_106,Position_106,Departament_106,1106
FirstName_107,LastName_107,Position_107,Departament_107,1107
FirstName_108,LastName_108,Position_108,Departament_108,1108
FirstName_109,LastName_109,Position_109,Departament_109,1109
FirstName_110,LastName_110,Position_110,Departament_110,1110
FirstName_111,LastName_111,Position_111,Departament_111,1111
FirstName_112,LastName_112,Position_112,Departament_112,1112
FirstName_113,LastName_113,Position_113,Departament_113,1113
FirstName_114,LastName_114,Position_114,Departament_114,1114
FirstName_115,LastName_115,Position_115,Departament_115,1115
FirstName_116,LastName_116,Position_116,Departament_116,1116
FirstName_117,LastName_117,Position_117,Departament_117,1117
FirstName_118,LastName_118,Position_118,Departament_118,1118
FirstName_119,LastName_119,Position_119,Departament_119,1119
FirstName_120,LastName_120,Position_120,Departament_120,1120
FirstName_121,LastName_121,Position_121,Departament_121,1121
FirstName_122,LastName_122,Position_122,Departament_122,1122
FirstName_123,LastName_123,Position_123,Departament_123,1123
FirstName_124,LastName_124,Position_124,Departament_124,1124
FirstName_125,LastName_125,Position_125,Departament_125,1125
FirstName_126,LastName_126,Position_126,Departament_126,1126
FirstName_127,LastName_127,Position_127,Departament_127,1127
FirstName_128,LastName_128,Position_128,Departament_128,1128
FirstName_129,LastName_129,Position_129,Departament_129,1129
FirstName_130,LastName_130,Position_130,Departament_130,1130
FirstName_131,LastName_131,Position_131,Departament_131,1131
FirstName_132,LastName_132,Position_132,Departament_132,1132
FirstName_133,LastName_133,Position_133,Departament_133,1133
FirstName_134,LastName_134,Position_134,Departament_134,1134
FirstName_135,LastName_135,Position_135,Departament_135,1135
FirstName_136,LastName_136,Position_136,Departament_136,1136
FirstName_137,LastName_137,Position_137,Departament_137,1137
FirstName_138,LastName_138,Position_138,Departament_138,1138
FirstName_139,LastName_139,Position_139,Departament_139,1139
FirstName_140,LastName_140,Position_140,Departament_140,1140
FirstName_141,LastName_141,Position_141,Departament_141,1141
FirstName_142,LastName_142,Position_142,Departament_142,1142
FirstName_143,LastName_143,Position_143,Departament_143,1143
FirstName_144,LastName_144,Position_144,Departament_144,1144
FirstName_145,LastName_145,Position_145,Departament_145,1145
FirstName_146,LastName_146,Position_146,Departament_146,1146
FirstName_147,LastName_147,Position_147,Departament_147,1147
FirstName_148,LastName_148,Position_148,Departament_148,1148
FirstName_149,LastName_149,Position_149,Departament_149,1149
FirstName_150,LastName_150,Position_150,Departament_150,1150
FirstName_151,LastName_151,Position_151,Departament_151,1151
FirstName_152,LastName_152,Position_152,Departament_152,1152
FirstName_153,LastName_153,Position_153,Departament_153,1153
FirstName_154,LastName_154,Position_154,Departament_154,1154
FirstName_155,LastName_155,Position_155,Departament_155,1155
FirstName_156,LastName_156,Position_156,Departament_156,1156
FirstName_157,LastName_157,Position_157,Departament_157,1157
FirstName_158,LastName_158,Position_158,Departament_158,1158
FirstName_159,LastName_159,Position_159,Departament_159,1159
FirstName_160,LastName_160,Position_160,Departament_160,1160
FirstName_161,LastName_161,Position_161,Departament_161,1161
FirstName_162,LastName_162,Position_162,Departament_162,1162
FirstName_163,LastName_163,Position_163,Departament_163,1163
FirstName_164,LastName_164,Position_164,Departament_164,1164
FirstName_165,LastName_165,Position_165,Departament_165,1165
FirstName_166,LastName_166,Position_166,Departament_166,1166
FirstName_167,LastName_167,Position_167,Departament_167,1167
FirstName_168,LastName_168,Position_168,Departament_168,1168
FirstName_169,LastName_169,Position_169,Departament_169,1169
FirstName_170,LastName_170,Position_170,Departament_170,1170
FirstName_171,LastName_171,Position_171,Departament_171,1171
FirstName_172,LastName_172,Position_172,Departament_172,1172
FirstName_173,LastName_173,Position_173,Departament_173,1173
FirstName_174,LastName_174,Position_174,Departament_174,1174
FirstName_175,LastName_175,Position_175,Departament_175,1175
FirstName_176,LastName_176,Position_176,Departament_176,1176
FirstName_177,LastName_177,Position_177,Departament_177,1177
FirstName_178,LastName_178,Position_178,Departament_178,1178
FirstName_179,LastName_179,Position_179,Departament_179,1179
FirstName_180,LastName_180,Position_180,Departament_180,1180
FirstName_181,LastName_181,Position_181,Departament_181,1181
FirstName_182,LastName_182,Position_182,Departament_182,1182
FirstName_183,LastName_183,Position_183,Departament_183,1183
FirstName_184,LastName_184,Position_184,Departament_184,1184
FirstName_185,LastName_185,Position_185,Departament_185,1185
FirstName_186,LastName_186,Position_186,Departament_186,1186
FirstName_187,LastName_187,Position_187,Departament_187,1187
FirstName_188,LastName_188,Position_188,Departament_188,1188
FirstName_189,LastName_189,Position_189,Departament_189,1189
FirstName_190,LastName_190,Position_190,Departament_190,1190
FirstName_191,LastName_191,Position_191,Departament_191,1191
FirstName_192,LastName_192,Position_192,Departament_192,1192
FirstName_193,LastName_193,Position_193,Departament_193,1193
FirstName_194,LastName_194,Position_194,Departament_194,1194
FirstName_195,LastName_195,Position_195,Departament_195,1195
FirstName_196,LastName_196,Position_196,Departament_196,1196
FirstName_197,LastName_197,Position_197,Departament_197,1197
FirstName_198,LastName_198,Position_198,Departament_198,1198
FirstName_199,LastName_199,Position_199,Departament_199,1199
FirstName_200,LastName_200,Position_200,Departament_200,1200
FirstName_201,LastName_201,Position_201,Departament_201,1201
FirstName_202,LastName_202,Position_202,Departament_202,1202
FirstName_203,LastName_203,Position_203,Departament_203,1203
FirstName_204,LastName_204,Position_204,Departament_204,1204
FirstName_205,LastName_205,Position_205,Departament_205,1205
FirstName_206,LastName_206,Position_206,Departament_206,1206
FirstName_207,LastName_207,Position_207,Departament_207,1207
FirstName_208,LastName_208,Position_208,Departament_208,1208
FirstName_209,LastName_209,Position_209,Departament_209,1209
FirstName_210,LastName_210,Position_210,Departament_210,1210
FirstName_211,LastName_211,Position_211,Departament_211,1211
FirstName_212,LastName_212,Position_212,Departament_212,1212
FirstName_213,LastName_213,Position_213,Departament_213,1213
FirstName_214,LastName_214,Position_214,Departament_214,1214
FirstName_215,LastName_215,Position_215,Departament_215,1215
FirstName_216,LastName_216,Position_216,Departament_216,1216
FirstName_217,LastName_217,Position_217,Departament_217,1217
FirstName_218,LastName_218,Position_218,Departament_218,1218
FirstName_219,LastName_219,Position_219,Departament_219,1219
FirstName_220,LastName_220,Position_220,Departament_220,1220
FirstName_221,LastName_221,Position_221,Departament_221,1221
FirstName_222,LastName_222,Position_222,Departament_222,1222
FirstName_223,LastName_223,Position_223,Departament_223,1223
FirstName_224,LastName_224,Position_224,Departament_224,1224
FirstName_225,LastName_225,Position_225,Departament_225,1225
FirstName_226,LastName_226,Position_226,Departament_226,1226
FirstName_227,LastName_227,Position_227,Departament_227,1227
FirstName_228,LastName_228,Position_228,Departament_228,1228
FirstName_229,LastName_229,Position_229,Departament_229,1229
FirstName_230,LastName_230,Position_230,Departament_230,1230
FirstName_231,LastName_231,Position_231,Departament_231,1231
FirstName_232,LastName_232,Position_232,Departament_232,1232
FirstName_233,LastName_233,Position_233,Departament_233,1233
FirstName_234,LastName_234,Position_234,Departament_234,1234
FirstName_235,LastName_235,Position_235,Departament_235,1235
FirstName_236,LastName_236,Position_236,Departament_236,1236
FirstName_237,LastName_237,Position_237,Departament_237,1237
FirstName_238,LastName_238,Position_238,Departament_238,1238
FirstName_239,LastName_239,Position_239,Departament_239,1239
FirstName_240,LastName_240,Position_240,Departament_240,1240
FirstName_241,LastName_241,Position_241,Departament_241,1241
FirstName_242,LastName_242,Position_242,Departament_242,1242
FirstName_243,LastName_243,Position_243,Departament_243,1243
FirstName_244,LastName_244,Position_244,Departament_244,1244
FirstName_245,LastName_245,Position_245,Departament_245,1245
FirstName_246,LastName_246,Position_246,Departament_246,1246
FirstName_247,LastName_247,Position_247,Departament_247,1247
FirstName_248,LastName_248,Position_248,Departament_248,1248
FirstName_249,LastName_249,Position_249,Departament_249,1249
FirstName_250,LastName_250,Position_250,Departament_250,1250
FirstName_251,LastName_251,Position_251,Departament_251,1251
FirstName_252,LastName_252,Position_252,Departament_252,1252
FirstName_253,LastName_253,Position_253,Departament_253,1253
FirstName_254,LastName_254,Position_254,Departament_254,1254
FirstName_255,LastName_255,Position_255,Departament_255,1255
FirstName_256,LastName_256,Position_256,Departament_256,1256
FirstName_257,LastName_257,Position_257,Departament_257,1257
FirstName_258,LastName_258,Position_258,Departament_258,1258
FirstName_259,LastName_259,Position_259,Departament_259,1259
FirstName_260,LastName_260,Position_260,Departament_260,1260
FirstName_261,LastName_261,Position_261,Departament_261,1261
FirstName_262,LastName_262,Position_262,Departament_262,1262
FirstName_263,LastName_263,Position_263,Departament_263,1263
FirstName_264,LastName_264,Position_264,Departament_264,1264
FirstName_265,LastName_265,Position_265,Departament_265,1265
FirstName_266,LastName_266,Position_266,Departament_266,1266
FirstName_267,LastName_267,Position_267,Departament_267,1267
FirstName_268,LastName_268,Position_268,Departament_268,1268
FirstName_269,LastName_269,Position_269,Departament_269,1269
FirstName_270,LastName_270,Position_270,Departament_270,1270
FirstName_271,LastName_271,Position_271,Departament_271,1271
FirstName_272,LastName_272,Position_272,Departament_272,1272
FirstName_273,LastName_273,Position_273,Departament_273,1273
FirstName_274,LastName_274,Position_274,Departament_274,1274
FirstName_275,LastName_275,Position_275,Departament_275,1275
FirstName_276,LastName_276,Position_276,Departament_276,1276
FirstName_277,LastName_277,Position_277,Departament_277,1277
FirstName_278,LastName_278,Position_278,Departament_278,1278
FirstName_279,LastName_279,Position_279,Departament_279,1279
FirstName_280,LastName_280,Position_280,Departament_280,1280
FirstName_281,LastName_281,Position_281,Departament_281,1281
FirstName_282,LastName_282,Position_282,Departament_282,1282
FirstName_283,LastName_283,Position_283,Departament_283,1283
FirstName_284,LastName_284,Position_284,Departament_284,1284
FirstName_285,LastName_285,Position_285,Departament_285,1285
FirstName_286,LastName_286,Position_286,Departament_286,1286
FirstName_287,LastName_287,Position_287,Departament_287,1287
FirstName_288,LastName_288,Position_288,Departament_288,1288
FirstName_289,LastName_289,Position_289,Departament_289,1289
FirstName_290,LastName_290,Position_290,Departament_290,1290
FirstName_291,LastName_291,Position_291,Departament_291,1291
FirstName_292,LastName_292,Position_292,Departament_292,1292
FirstName_293,LastName_293,Position_293,Departament_293,1293
FirstName_294,LastName_294,Position_294,Departament_294,1294
FirstName_295,LastName_295,Position_295,Departament_295,1295
FirstName_296,LastName_296,Position_296,Departament_296,1296
FirstName_297,LastName_297,Position_297,Departament_297,1297
FirstName_298,LastName_298,Position_298,Departament_298,1298
FirstName_299,LastName_299,Position_299,Departament_299,1299
FirstName_300,LastName_300,Position_300,Departament_300,1300
FirstName_301,LastName_301,Position_301,Departament_301,1301
FirstName_302,LastName_302,Position_302,Departament_302,1302
FirstName_303,LastName_303,Position_303,Departament_303,1303
FirstName_304,LastName_304,Position_304,Departament_304,1304
FirstName_305,LastName_305,Position_305,Departament_305,1305
FirstName_306,LastName_306,Position_306,Departament_306,1306
FirstName_307,LastName_307,Position_307,Departament_307,1307
FirstName_308,LastName_308,Position_308,Departament_308,1308
FirstName_309,LastName_309,Position_309,Departament_309,1309
FirstName_310,LastName_310,Position_310,Departament_310,1310
FirstName_311,LastName_311,Position_311,Departament_311,1311
FirstName_312,LastName_312,Position_312,Departament_312,1312
FirstName_313,LastName_313,Position_313,Departament_313,1313
FirstName_314,LastName_314,Position_314,Departament_314,1314
FirstName_315,LastName_315,Position_315,Departament_315,1315
FirstName_316,LastName_316,Position_316,Departament_316,1316
FirstName_317,LastName_317,Position_317,Departament_317,1317
FirstName_318,LastName_318,Position_318,Departament_318,1318
FirstName_319,LastName_319,Position_319,Departament_319,1319
FirstName_320,LastName_320,Position_320,Departament_320,1320
FirstName_321,LastName_321,Position_321,Departament_321,1321
FirstName_322,LastName_322,Position_322,Departament_322,1322
FirstName_323,LastName_323,Position_323,Departament_323,1323
FirstName_324,LastName_324,Position_324,Departament_324,1324
FirstName_325,LastName_325,Position_325,Departament_325,1325
FirstName_326,LastName_326,Position_326,Departament_326,1326
FirstName_327,LastName_327,Position_327,Departament_327,1327
FirstName_328,LastName_328,Position_328,Departament_328,1328
FirstName_329,LastName_329,Position_329,Departament_329,1329
FirstName_330,LastName_330,Position_330,Departament_330,1330
FirstName_331,LastName_331,Position_331,Departament_331,1331
FirstName_332,LastName_332,Position_332,Departament_332,1332
FirstName_333,LastName_333,Position_333,Departament_333,1333
FirstName_334,LastName_334,Position_334,Departament_334,1334
FirstName_335,LastName_335,Position_335,Departament_335,1335
FirstName_336,LastName_336,Position_336,Departament_336,1336
FirstName_337,LastName_337,Position_337,Departament_337,1337
FirstName_338,LastName_338,Position_338,Departament_338,1338
FirstName_339,LastName_339,Position_339,Departament_339,1339
FirstName_340,LastName_340,Position_340,Departament_340,1340
FirstName_341,LastName_341,Position_341,Departament_341,1341
FirstName_342,LastName_342,Position_342,Departament_342,1342
FirstName_343,LastName_343,Position_343,Departament_343,1343
FirstName_344,LastName_344,Position_344,Departament_344,1344
FirstName_345,LastName_345,Position_345,Departament_345,1345
FirstName_346,LastName_346,Position_346,Departament_346,1346
FirstName_347,LastName_347,Position_347,Departament_347,1347
FirstName_348,LastName_348,Position_348,Departament_348,1348
FirstName_349,LastName_349,Position_349,Departament_349,1349
FirstName_350,LastName_350,Position_350,Departament_350,1350
FirstName_351,LastName_351,Position_351,Departament_351,1351
FirstName_352,LastName_352,Position_352,Departament_352,1352
FirstName_353,LastName_353,Position_353,Departament_353,1353
FirstName_354,LastName_354,Position_354,Departament_354,1354
FirstName_355,LastName_355,Position_355,Departament_355,1355
FirstName_356,LastName_356,Position_356,Departament_356,1356
FirstName_357,LastName_357,Position_357,Departament_357,1357
FirstName_358,LastName_358,Position_358,Departament_358,1358
FirstName_359,LastName_359,Position_359,Departament_359,1359
FirstName_360,LastName_360,Position_360,Departament_360,1360
FirstName_361,LastName_361,Position_361,Departament_361,1361
FirstName_362,LastName_362,Position_362,Departament_362,1362
FirstName_363,LastName_363,Position_363,Departament_363,1363
FirstName_364,LastName_364,Position_364,Departament_364,1364
FirstName_365,LastName_365,Position_365,Departament_365,1365
FirstName_366,LastName_366,Position_366,Departament_366,1366
FirstName_367,LastName_367,Position_367,Departament_367,1367
FirstName_368,LastName_368,Position_368,Departament_368,1368
FirstName_369,LastName_369,Position_369,Departament_369,1369
FirstName_370,LastName_370,Position_370,Departament_370,1370
FirstName_371,LastName_371,Position_371,Departament_371,1371
FirstName_372,LastName_372,Position_372,Departament_372,1372
FirstName_373,LastName_373,Position_373,Departament_373,1373
FirstName_374,LastName_374,Position_374,Departament_374,1374
FirstName_375,LastName_375,Position_375,Departament_375,1375
FirstName_376,LastName_376,Position_376,Departament_376,1376
FirstName_377,LastName_377,Position_377,Departament_377,1377
FirstName_378,LastName_378,Position_378,Departament_378,1378
FirstName_379,LastName_379,Position_379,Departament_379,1379
FirstName_380,LastName_380,Position_380,Departament_380,1380
FirstName_381,LastName_381,Position_381,Departament_381,1381
FirstName_382,LastName_382,Position_382,Departament_382,1382
FirstName_383,LastName_383,Position_383,Departament_383,1383
FirstName_384,LastName_384,Position_384,Departament_384,1384
FirstName_385,LastName_385,Position_385,Departament_385,1385
FirstName_386,LastName_386,Position_386,Departament_386,1386
FirstName_387,LastName_387,Position_387,Departament_387,1387
FirstName_388,LastName_388,Position_388,Departament_388,1388
FirstName_389,LastName_389,Position_389,Departament_389,1389
FirstName_390,LastName_390,Position_390,Departament_390,1390
FirstName_391,LastName_391,Position_391,Departament_391,1391
FirstName_392,LastName_392,Position_392,Departament_392,1392
FirstName_393,LastName_393,Position_393,Departament_393,1393
FirstName_394,LastName_394,Position_394,Departament_394,1394
FirstName_395,LastName_395,Position_395,Departament_395,1395
FirstName_396,LastName_396,Position_396,Departament_396,1396
FirstName_397,LastName_397,Position_397,Departament_397,1397
FirstName_398,LastName_398,Position_398,Departament_398,1398
FirstName_399,LastName_399,Position_399,Departament_399,1399
FirstName_400,LastName_400,Position_400,Departament_400,1400
FirstName_401,LastName_401,Position_401,Departament_401,1401
FirstName_402,LastName_402,Position_402,Departament_402,1402
FirstName_403,LastName_403,Position_403,Departament_403,1403
FirstName_404,LastName_404,Position_404,Departament_404,1404
FirstName_405,LastName_405,Position_405,Departament_405,1405
FirstName_406,LastName_406,Position_406,Departament_406,1406
FirstName_407,LastName_407,Position_407,Departament_407,1407
FirstName_408,LastName_408,Position_408,Departament_408,1408
FirstName_409,LastName_409,Position_409,Departament_409,1409
FirstName_410,LastName_410,Position_410,Departament_410,1410
FirstName_411,LastName_411,Position_411,Departament_411,1411
FirstName_412,LastName_412,Position_412,Departament_412,1412
FirstName_413,LastName_413,Position_413,Departament_413,1413
FirstName_414,LastName_414,Position_414,Departament_414,1414
FirstName_415,LastName_415,Position_415,Departament_415,1415
FirstName_416,LastName_416,Position_416,Departament_416,1416
FirstName_417,LastName_417,Position_417,Departament_417,1417
FirstName_418,LastName_418,Position_418,Departament_418,1418
FirstName_419,LastName_419,Position_419,Departament_419,1419
FirstName_420,LastName_420,Position_420,Departament_420,1420
FirstName_421,LastName_421,Position_421,Departament_421,1421
FirstName_422,LastName_422,Position_422,Departament_422,1422
FirstName_423,LastName_423,Position_423,Departament_423,1423
FirstName_424,LastName_424,Position_424,Departament_424,1424
FirstName_425,LastName_425,Position_425,Departament_425,1425
FirstName_426,LastName_426,Position_426,Departament_426,1426
FirstName_427,LastName_427,Position_427,Departament_427,1427
FirstName_428,LastName_428,Position_428,Departament_428,1428
FirstName_429,LastName_429,Position_429,Departament_429,1429
FirstName_430,LastName_430,Position_430,Departament_430,1430
FirstName_431,LastName_431,Position_431,Departament_431,1431
FirstName_432,LastName_432,Position_432,Departament_432,1432
FirstName_433,LastName_433,Position_433,Departament_433,1433
FirstName_434,LastName_434,Position_434,Departament_434,1434
FirstName_435,LastName_435,Position_435,Departament_435,1435
FirstName_436,LastName_436,Position_436,Departament_436,1436
FirstName_437,LastName_437,Position_437,Departament_437,1437
FirstName_438,LastName_438,Position_438,Departament_438,1438
FirstName_439,LastName_439,Position_439,Departament_439,1439
FirstName_440,LastName_440,Position_440,Departament_440,1440
FirstName_441,LastName_441,Position_441,Departament_441,1441
FirstName_442,LastName_442,Position_442,Departament_442,1442
FirstName_443,LastName_443,Position_443,Departament_443,1443
FirstName_444,LastName_444,Position_444,Departament_444,1444
FirstName_445,LastName_445,Position_445,Departament_445,1445
FirstName_446,LastName_446,Position_446,Departament_446,1446
FirstName_447,LastName_447,Position_447,Departament_447,1447
FirstName_448,LastName_448,Position_448,Departament_448,1448
FirstName_449,LastName_449,Position_449,Departament_449,1449
FirstName_450,LastName_450,Position_450,Departament_450,1450
FirstName_451,LastName_451,Position_451,Departament_451,1451
FirstName_452,LastName_452,Position_452,Departament_452,1452
FirstName_453,LastName_453,Position_453,Departament_453,1453
FirstName_454,LastName_454,Position_454,Departament_454,1454
FirstName_455,LastName_455,Position_455,Departament_455,1455
FirstName_456,LastName_456,Position_456,Departament_456,1456
FirstName_457,LastName_457,Position_457,Departament_457,1457
FirstName_458,LastName_458,Position_458,Departament_458,1458
FirstName_459,LastName_459,Position_459,Departament_459,1459
FirstName_460,LastName_460,Position_460,Departament_460,1460
FirstName_461,LastName_461,Position_461,Departament_461,1461
FirstName_462,LastName_462,Position_462,Departament_462,1462
FirstName_463,LastName_463,Position_463,Departament_463,1463
FirstName_464,LastName_464,Position_464,Departament_464,1464
FirstName_465,LastName_465,Position_465,Departament_465,1465
FirstName_466,LastName_466,Position_466,Departament_466,1466
FirstName_467,LastName_467,Position_467,Departament_467,1467
FirstName_468,LastName_468,Position_468,Departament_468,1468
FirstName_469,LastName_469,Position_469,Departament_469,1469
FirstName_470,LastName_470,Position_470,Departament_470,1470
FirstName_471,LastName_471,Position_471,Departament_471,1471
FirstName_472,LastName_472,Position_472,Departament_472,1472
FirstName_473,LastName_473,Position_473,Departament_473,1473
FirstName_474,LastName_474,Position_474,Departament_474,1474
FirstName_475,LastName_475,Position_475,Departament_475,1475
FirstName_476,LastName_476,Position_476,Departament_476,1476
FirstName_477,LastName_477,Position_477,Departament_477,1477
FirstName_478,LastName_478,Position_478,Departament_478,1478
FirstName_479,LastName_479,Position_479,Departament_479,1479
FirstName_480,LastName_480,Position_480,Departament_480,1480
FirstName_481,LastName_481,Position_481,Departament_481,1481
FirstName_482,LastName_482,Position_482,Departament_482,1482
FirstName_483,LastName_483,Position_483,Departament_483,1483
FirstName_484,LastName_484,Position_484,Departament_484,1484
FirstName_485,LastName_485,Position_485,Departament_485,1485
FirstName_486,LastName_486,Position_486,Departament_486,1486
FirstName_487,LastName_487,Position_487,Departament_487,1487
FirstName_488,LastName_488,Position_488,Departament_488,1488
FirstName_489,LastName_489,Position_489,Departament_489,1489
FirstName_490,LastName_490,Position_490,Departament_490,1490
FirstName_491,LastName_491,Position_491,Departament_491,1491
FirstName_492,LastName_492,Position_492,Departament_492,1492
FirstName_493,LastName_493,Position_493,Departament_493,1493
FirstName_494,LastName_494,Position_494,Departament_494,1494
FirstName_495,LastName_495,Position_495,Departament_495,1495
FirstName_496,LastName_496,Position_496,Departament_496,1496
FirstName_497,LastName_497,Position_497,Departament_497,1497
FirstName_498,LastName_498,Position_498,Departament_498,1498
FirstName_499,LastName_499,Position_499,Departament_499,1499
FirstName_500,LastName_500,Position_500,Departament_500,1500
FirstName_501,LastName_501,Position_501,Departament_501,1501
FirstName_502,LastName_502,Position_502,Departament_502,1502
FirstName_503,LastName_503,Position_503,Departament_503,1503
FirstName_504,LastName_504,Position_504,Departament_504,1504
FirstName_505,LastName_505,Position_505,Departament_505,1505
FirstName_506,LastName_506,Position_506,Departament_506,1506
FirstName_507,LastName_507,Position_507,Departament_507,1507
FirstName_508,LastName_508,Position_508,Departament_508,1508
FirstName_509,LastName_509,Position_509,Departament_509,1509
FirstName_510,LastName_510,Position_510,Departament_510,1510
FirstName_511,LastName_511,Position_511,Departament_511,1511
FirstName_512,LastName_512,Position_512,Departament_512,1512
FirstName_513,LastName_513,Position_513,Departament_513,1513
FirstName_514,LastName_514,Position_514,Departament_514,1514
FirstName_515,LastName_515,Position_515,Departament_515,1515
FirstName_516,LastName_516,Position_516,Departament_516,1516
FirstName_517,LastName_517,Position_517,Departament_517,1517
FirstName_518,LastName_518,Position_518,Departament_518,1518
FirstName_519,LastName_519,Position_519,Departament_519,1519
FirstName_520,LastName_520,Position_520,Departament_520,1520
FirstName_521,LastName_521,Position_521,Departament_521,1521
FirstName_522,LastName_522,Position_522,Departament_522,1522
FirstName_523,LastName_523,Position_523,Departament_523,1523
FirstName_524,LastName_524,Position_524,Departament_524,1524
FirstName_525,LastName_525,Position_525,Departament_525,1525
FirstName_526,LastName_526,Position_526,Departament_526,1526
FirstName_527,LastName_527,Position_527,Departament_527,1527
FirstName_528,LastName_528,Position_528,Departament_528,1528
FirstName_529,LastName_529,Position_529,Departament_529,1529
FirstName_530,LastName_530,Position_530,Departament_530,1530
FirstName_531,LastName_531,Position_531,Departament_531,1531
FirstName_532,LastName_532,Position_532,Departament_532,1532
FirstName_533,LastName_533,Position_533,Departament_533,1533
FirstName_534,LastName_534,Position_534,Departament_534,1534
FirstName_535,LastName_535,Position_535,Departament_535,1535
FirstName_536,LastName_536,Position_536,Departament_536,1536
FirstName_537,LastName_537,Position_537,Departament_537,1537
FirstName_538,LastName_538,Position_538,Departament_538,1538
FirstName_539,LastName_539,Position_539,Departament_539,1539
FirstName_540,LastName_540,Position_540,Departament_540,1540
FirstName_541,LastName_541,Position_541,Departament_541,1541
FirstName_542,LastName_542,Position_542,Departament_542,1542
FirstName_543,LastName_543,Position_543,Departament_543,1543
FirstName_544,LastName_544,Position_544,Departament_544,1544
FirstName_545,LastName_545,Position_545,Departament_545,1545
FirstName_546,LastName_546,Position_546,Departament_546,1546
FirstName_547,LastName_547,Position_547,Departament_547,1547
FirstName_548,LastName_548,Position_548,Departament_548,1548
FirstName_549,LastName_549,Position_549,Departament_549,1549
FirstName_550,LastName_550,Position_550,Departament_550,1550
FirstName_551,LastName_551,Position_551,Departament_551,1551
FirstName_552,LastName_552,Position_552,Departament_552,1552
FirstName_553,LastName_553,Position_553,Departament_553,1553
FirstName_554,LastName_554,Position_554,Departament_554,1554
FirstName_555,LastName_555,Position_555,Departament_555,1555
FirstName_556,LastName_556,Position_556,Departament_556,1556
FirstName_557,LastName_557,Position_557,Departament_557,1557
FirstName_558,LastName_558,Position_558,Departament_558,1558
FirstName_559,LastName_559,Position_559,Departament_559,1559
FirstName_560,LastName_560,Position_560,Departament_560,1560
FirstName_561,LastName_561,Position_561,Departament_561,1561
FirstName_562,LastName_562,Position_562,Departament_562,1562
FirstName_563,LastName_563,Position_563,Departament_563,1563
FirstName_564,LastName_564,Position_564,Departament_564,1564
FirstName_565,LastName_565,Position_565,Departament_565,1565
FirstName_566,LastName_566,Position_566,Departament_566,1566
FirstName_567,LastName_567,Position_567,Departament_567,1567
FirstName_568,LastName_568,Position_568,Departament_568,1568
FirstName_569,LastName_569,Position_569,Departament_569,1569
FirstName_570,LastName_570,Position_570,Departament_570,1570
FirstName_571,LastName_571,Position_571,Departament_571,1571
FirstName_572,LastName_572,Position_572,Departament_572,1572
FirstName_573,LastName_573,Position_573,Departament_573,1573
FirstName_574,LastName_574,Position_574,Departament_574,1574
FirstName_575,LastName_575,Position_575,Departament_575,1575
FirstName_576,LastName_576,Position_576,Departament_576,1576
FirstName_577,LastName_577,Position_577,Departament_577,1577
FirstName_578,LastName_578,Position_578,Departament_578,1578
FirstName_579,LastName_579,Position_579,Departament_579,1579
FirstName_580,LastName_580,Position_580,Departament_580,1580
FirstName_581,LastName_581,Position_581,Departament_581,1581
FirstName_582,LastName_582,Position_582,Departament_582,1582
FirstName_583,LastName_583,Position_583,Departament_583,1583
FirstName_584,LastName_584,Position_584,Departament_584,1584
FirstName_585,LastName_585,Position_585,Departament_585,1585
FirstName_586,LastName_586,Position_586,Departament_586,1586
FirstName_587,LastName_587,Position_587,Departament_587,1587
FirstName_588,LastName_588,Position_588,Departament_588,1588
FirstName_589,LastName_589,Position_589,Departament_589,1589
FirstName_590,LastName_590,Position_590,Departament_590,1590
FirstName_591,LastName_591,Position_591,Departament_591,1591
FirstName_592,LastName_592,Position_592,Departament_592,1592
FirstName_593,LastName_593,Position_593,Departament_593,1593
FirstName_594,LastName_594,Position_594,Departament_594,1594
FirstName_595,LastName_595,Position_595,Departament_595,1595
FirstName_596,LastName_596,Position_596,Departament_596,1596
FirstName_597,LastName_597,Position_597,Departament_597,1597
FirstName_598,LastName_598,Position_598,Departament_598,1598
FirstName_599,LastName_599,Position_599,Departament_599,1599
FirstName_600,LastName_600,Position_600,Departament_600,1600
FirstName_601,LastName_601,Position_601,Departament_601,1601
FirstName_602,LastName_602,Position_602,Departament_602,1602
FirstName_603,LastName_603,Position_603,Departament_603,1603
FirstName_604,LastName_604,Position_604,Departament_604,1604
FirstName_605,LastName_605,Position_605,Departament_605,1605
FirstName_606,LastName_606,Position_606,Departament_606,1606
FirstName_607,LastName_607,Position_607,Departament_607,1607
FirstName_608,LastName_608,Position_608,Departament_608,1608
FirstName_609,LastName_609,Position_609,Departament_609,1609
FirstName_610,LastName_610,Position_610,Departament_610,1610
FirstName_611,LastName_611,Position_611,Departament_611,1611
FirstName_612,LastName_612,Position_612,Departament_612,1612
FirstName_613,LastName_613,Position_613,Departament_613,1613
FirstName_614,LastName_614,Position_614,Departament_614,1614
FirstName_615,LastName_615,Position_615,Departament_615,1615
FirstName_616,LastName_616,Position_616,Departament_616,1616
FirstName_617,LastName_617,Position_617,Departament_617,1617
FirstName_618,LastName_618,Position_618,Departament_618,1618
FirstName_619,LastName_619,Position_619,Departament_619,1619
FirstName_620,LastName_620,Position_620,Departament_620,1620
FirstName_621,LastName_621,Position_621,Departament_621,1621
FirstName_622,LastName_622,Position_622,Departament_622,1622
FirstName_623,LastName_623,Position_623,Departament_623,1623
FirstName_624,LastName_624,Position_624,Departament_624,1624
FirstName_625,LastName_625,Position_625,Departament_625,1625
FirstName_626,LastName_626,Position_626,Departament_626,1626
FirstName_627,LastName_627,Position_627,Departament_627,1627
FirstName_628,LastName_628,Position_628,Departament_628,1628
FirstName_629,LastName_629,Position_629,Departament_629,1629
FirstName_630,LastName_630,Position_630,Departament_630,1630
FirstName_631,LastName_631,Position_631,Departament_631,1631
FirstName_632,LastName_632,Position_632,Departament_632,1632
FirstName_633,LastName_633,Position_633,Departament_633,1633
FirstName_634,LastName_634,Position_634,Departament_634,1634
FirstName_635,LastName_635,Position_635,Departament_635,1635
FirstName_636,LastName_636,Position_636,Departament_636,1636
FirstName_637,LastName_637,Position_637,Departament_637,1637
FirstName_638,LastName_638,Position_638,Departament_638,1638
FirstName_639,LastName_639,Position_639,Departament_639,1639
FirstName_640,LastName_640,Position_640,Departament_640,1640
FirstName_641,LastName_641,Position_641,Departament_641,1641
FirstName_642,LastName_642,Position_642,Departament_642,1642
FirstName_643,LastName_643,Position_643,Departament_643,1643
FirstName_644,LastName_644,Position_644,Departament_644,1644
FirstName_645,LastName_645,Position_645,Departament_645,1645
FirstName_646,LastName_646,Position_646,Departament_646,1646
FirstName_647,LastName_647,Position_647,Departament_647,1647
FirstName_648,LastName_648,Position_648,Departament_648,1648
FirstName_649,LastName_649,Position_649,Departament_649,1649
FirstName_650,LastName_650,Position_650,Departament_650,1650
FirstName_651,LastName_651,Position_651,Departament_651,1651
FirstName_652,LastName_652,Position_652,Departament_652,1652
FirstName_653,LastName_653,Position_653,Departament_653,1653
FirstName_654,LastName_654,Position_654,Departament_654,1654
FirstName_655,LastName_655,Position_655,Departament_655,1655
FirstName_656,LastName_656,Position_656,Departament_656,1656
FirstName_657,LastName_657,Position_657,Departament_657,1657
FirstName_658,LastName_658,Position_658,Departament_658,1658
FirstName_659,LastName_659,Position_659,Departament_659,1659
FirstName_660,LastName_660,Position_660,Departament_660,1660
FirstName_661,LastName_661,Position_661,Departament_661,1661
FirstName_662,LastName_662,Position_662,Departament_662,1662
FirstName_663,LastName_663,Position_663,Departament_663,1663
FirstName_664,LastName_664,Position_664,Departament_664,1664
FirstName_665,LastName_665,Position_665,Departament_665,1665
FirstName_666,LastName_666,Position_666,Departament_666,1666
FirstName_667,LastName_667,Position_667,Departament_667,1667
FirstName_668,LastName_668,Position_668,Departament_668,1668
FirstName_669,LastName_669,Position_669,Departament_669,1669
FirstName_670,LastName_670,Position_670,Departament_670,1670
FirstName_671,LastName_671,Position_671,Departament_671,1671
FirstName_672,LastName_672,Position_672,Departament_672,1672
FirstName_673,LastName_673,Position_673,Departament_673,1673
FirstName_674,LastName_674,Position_674,Departament_674,1674
FirstName_675,LastName_675,Position_675,Departament_675,1675
FirstName_676,LastName_676,Position_676,Departament_676,1676
FirstName_677,LastName_677,Position_677,Departament_677,1677
FirstName_678,LastName_678,Position_678,Departament_678,1678
FirstName_679,LastName_679,Position_679,Departament_679,1679
FirstName_680,LastName_680,Position_680,Departament_680,1680
FirstName_681,LastName_681,Position_681,Departament_681,1681
FirstName_682,LastName_682,Position_682,Departament_682,1682
FirstName_683,LastName_683,Position_683,Departament_683,1683
FirstName_684,LastName_684,Position_684,Departament_684,1684
FirstName_685,LastName_685,Position_685,Departament_685,1685
FirstName_686,LastName_686,Position_686,Departament_686,1686
FirstName_687,LastName_687,Position_687,Departament_687,1687
FirstName_688,LastName_688,Position_688,Departament_688,1688
FirstName_689,LastName_689,Position_689,Departament_689,1689
FirstName_690,LastName_690,Position_690,Departament_690,1690
FirstName_691,LastName_691,Position_691,Departament_691,1691
FirstName_692,LastName_692,Position_692,Departament_692,1692
FirstName_693,LastName_693,Position_693,Departament_693,1693
FirstName_694,LastName_694,Position_694,Departament_694,1694
FirstName_695,LastName_695,Position_695,Departament_695,1695
FirstName_696,LastName_696,Position_696,Departament_696,1696
FirstName_697,LastName_697,Position_697,Departament_697,1697
FirstName_698,LastName_698,Position_698,Departament_698,1698
FirstName_699,LastName_699,Position_699,Departament_699,1699
FirstName_700,LastName_700,Position_700,Departament_700,1700
FirstName_701,LastName_701,Position_701,Departament_701,1701
FirstName_702,LastName_702,Position_702,Departament_702,1702
FirstName_703,LastName_703,Position_703,Departament_703,1703
FirstName_704,LastName_704,Position_704,Departament_704,1704
FirstName_705,LastName_705,Position_705,Departament_705,1705
FirstName_706,LastName_706,Position_706,Departament_706,1706
FirstName_707,LastName_707,Position_707,Departament_707,1707
FirstName_708,LastName_708,Position_708,Departament_708,1708
FirstName_709,LastName_709,Position_709,Departament_709,1709
FirstName_710,LastName_710,Position_710,Departament_710,1710
FirstName_711,LastName_711,Position_711,Departament_711,1711
FirstName_712,LastName_712,Position_712,Departament_712,1712
FirstName_713,LastName_713,Position_713,Departament_713,1713
FirstName_714,LastName_714,Position_714,Departament_714,1714
FirstName_715,LastName_715,Position_715,Departament_715,1715
FirstName_716,LastName_716,Position_716,Departament_716,1716
FirstName_717,LastName_717,Position_717,Departament_717,1717
FirstName_718,LastName_718,Position_718,Departament_718,1718
FirstName_719,LastName_719,Position_719,Departament_719,1719
FirstName_720,LastName_720,Position_720,Departament_720,1720
FirstName_721,LastName_721,Position_721,Departament_721,1721
FirstName_722,LastName_722,Position_722,Departament_722,1722
FirstName_723,LastName_723,Position_723,Departament_723,1723
FirstName_724,LastName_724,Position_724,Departament_724,1724
FirstName_725,LastName_725,Position_725,Departament_725,1725
FirstName_726,LastName_726,Position_726,Departament_726,1726
FirstName_727,LastName_727,Position_727,Departament_727,1727
FirstName_728,LastName_728,Position_728,Departament_728,1728
FirstName_729,LastName_729,Position_729,Departament_729,1729
FirstName_730,LastName_730,Position_730,Departament_730,1730
FirstName_731,LastName_731,Position_731,Departament_731,1731
FirstName_732,LastName_732,Position_732,Departament_732,1732
FirstName_733,LastName_733,Position_733,Departament_733,1733
FirstName_734,LastName_734,Position_734,Departament_734,1734
FirstName_735,LastName_735,Position_735,Departament_735,1735
FirstName_736,LastName_736,Position_736,Departament_736,1736
FirstName_737,LastName_737,Position_737,Departament_737,1737
FirstName_738,LastName_738,Position_738,Departament_738,1738
FirstName_739,LastName_739,Position_739,Departament_739,1739
FirstName_740,LastName_740,Position_740,Departament_740,1740
FirstName_741,LastName_741,Position_741,Departament_741,1741
FirstName_742,LastName_742,Position_742,Departament_742,1742
FirstName_743,LastName_743,Position_743,Departament_743,1743
FirstName_744,LastName_744,Position_744,Departament_744,1744
FirstName_745,LastName_745,Position_745,Departament_745,1745
FirstName_746,LastName_746,Position_746,Departament_746,1746
FirstName_747,LastName_747,Position_747,Departament_747,1747
FirstName_748,LastName_748,Position_748,Departament_748,1748
FirstName_749,LastName_749,Position_749,Departament_749,1749
FirstName_750,LastName_750,Position_750,Departament_750,1750
FirstName_751,LastName_751,Position_751,Departament_751,1751
FirstName_752,LastName_752,Position_752,Departament_752,1752
FirstName_753,LastName_753,Position_753,Departament_753,1753
FirstName_754,LastName_754,Position_754,Departament_754,1754
FirstName_755,LastName_755,Position_755,Departament_755,1755
FirstName_756,LastName_756,Position_756,Departament_756,1756
FirstName_757,LastName_757,Position_757,Departament_757,1757
FirstName_758,LastName_758,Position_758,Departament_758,1758
FirstName_759,LastName_759,Position_759,Departament_759,1759
FirstName_760,LastName_760,Position_760,Departament_760,1760
FirstName_761,LastName_761,Position_761,Departament_761,1761
FirstName_762,LastName_762,Position_762,Departament_762,1762
FirstName_763,LastName_763,Position_763,Departament_763,1763
FirstName_764,LastName_764,Position_764,Departament_764,1764
FirstName_765,LastName_765,Position_765,Departament_765,1765
FirstName_766,LastName_766,Position_766,Departament_766,1766
FirstName_767,LastName_767,Position_767,Departament_767,1767
FirstName_768,LastName_768,Position_768,Departament_768,1768
FirstName_769,LastName_769,Position_769,Departament_769,1769
FirstName_770,LastName_770,Position_770,Departament_770,1770
FirstName_771,LastName_771,Position_771,Departament_771,1771
FirstName_772,LastName_772,Position_772,Departament_772,1772
FirstName_773,LastName_773,Position_773,Departament_773,1773
FirstName_774,LastName_774,Position_774,Departament_774,1774
FirstName_775,LastName_775,Position_775,Departament_775,1775
FirstName_776,LastName_776,Position_776,Departament_776,1776
FirstName_777,LastName_777,Position_777,Departament_777,1777
FirstName_778,LastName_778,Position_778,Departament_778,1778
FirstName_779,LastName_779,Position_779,Departament_779,1779
FirstName_780,LastName_780,Position_780,Departament_780,1780
FirstName_781,LastName_781,Position_781,Departament_781,1781
FirstName_782,LastName_782,Position_782,Departament_782,1782
FirstName_783,LastName_783,Position_783,Departament_783,1783
FirstName_784,LastName_784,Position_784,Departament_784,1784
FirstName_785,LastName_785,Position_785,Departament_785,1785
FirstName_786,LastName_786,Position_786,Departament_786,1786
FirstName_787,LastName_787,Position_787,Departament_787,1787
FirstName_788,LastName_788,Position_788,Departament_788,1788
FirstName_789,LastName_789,Position_789,Departament_789,1789
FirstName_790,LastName_790,Position_790,Departament_790,1790
FirstName_791,LastName_791,Position_791,Departament_791,1791
FirstName_792,LastName_792,Position_792,Departament_792,1792
FirstName_793,LastName_793,Position_793,Departament_793,1793
FirstName_794,LastName_794,Position_794,Departament_794,1794
FirstName_795,LastName_795,Position_795,Departament_795,1795
FirstName_796,LastName_796,Position_796,Departament_796,1796
FirstName_797,LastName_797,Position_797,Departament_797,1797
FirstName_798,LastName_798,Position_798,Departament_798,1798
FirstName_799,LastName_799,Position_799,Departament_799,1799
FirstName_800,LastName_800,Position_800,Departament_800,1800
FirstName_801,LastName_801,Position_801,Departament_801,1801
FirstName_802,LastName_802,Position_802,Departament_802,1802
FirstName_803,LastName_803,Position_803,Departament_803,1803
FirstName_804,LastName_804,Position_804,Departament_804,1804
FirstName_805,LastName_805,Position_805,Departament_805,1805
FirstName_806,LastName_806,Position_806,Departament_806,1806
FirstName_807,LastName_807,Position_807,Departament_807,1807
FirstName_808,LastName_808,Position_808,Departament_808,1808
FirstName_809,LastName_809,Position_809,Departament_809,1809
FirstName_810,LastName_810,Position_810,Departament_810,1810
FirstName_811,LastName_811,Position_811,Departament_811,1811
FirstName_812,LastName_812,Position_812,Departament_812,1812
FirstName_813,LastName_813,Position_813,Departament_813,1813
FirstName_814,LastName_814,Position_814,Departament_814,1814
FirstName_815,LastName_815,Position_815,Departament_815,1815
FirstName_816,LastName_816,Position_816,Departament_816,1816
FirstName_817,LastName_817,Position_817,Departament_817,1817
FirstName_818,LastName_818,Position_818,Departament_818,1818
FirstName_819,LastName_819,Position_819,Departament_819,1819
FirstName_820,LastName_820,Position_820,Departament_820,1820
FirstName_821,LastName_821,Position_821,Departament_821,1821
FirstName_822,LastName_822,Position_822,Departament_822,1822
FirstName_823,LastName_823,Position_823,Departament_823,1823
FirstName_824,LastName_824,Position_824,Departament_824,1824
FirstName_825,LastName_825,Position_825,Departament_825,1825
FirstName_826,LastName_826,Position_826,Departament_826,1826
FirstName_827,LastName_827,Position_827,Departament_827,1827
FirstName_828,LastName_828,Position_828,Departament_828,1828
FirstName_829,LastName_829,Position_829,Departament_829,1829
FirstName_830,LastName_830,Position_830,Departament_830,1830
FirstName_831,LastName_831,Position_831,Departament_831,1831
FirstName_832,LastName_832,Position_832,Departament_832,1832
FirstName_833,LastName_833,Position_833,Departament_833,1833
FirstName_834,LastName_834,Position_834,Departament_834,1834
FirstName_835,LastName_835,Position_835,Departament_835,1835
FirstName_836,LastName_836,Position_836,Departament_836,1836
FirstName_837,LastName_837,Position_837,Departament_837,1837
FirstName_838,LastName_838,Position_838,Departament_838,1838
FirstName_839,LastName_839,Position_839,Departament_839,1839
FirstName_840,LastName_840,Position_840,Departament_840,1840
FirstName_841,LastName_841,Position_841,Departament_841,1841
FirstName_842,LastName_842,Position_842,Departament_842,1842
FirstName_843,LastName_843,Position_843,Departament_843,1843
FirstName_844,LastName_844,Position_844,Departament_844,1844
FirstName_845,LastName_845,Position_845,Departament_845,1845
FirstName_846,LastName_846,Position_846,Departament_846,1846
FirstName_847,LastName_847,Position_847,Departament_847,1847
FirstName_848,LastName_848,Position_848,Departament_848,1848
FirstName_849,LastName_849,Position_849,Departament_849,1849
FirstName_850,LastName_850,Position_850,Departament_850,1850
FirstName_851,LastName_851,Position_851,Departament_851,1851
FirstName_852,LastName_852,Position_852,Departament_852,1852
FirstName_853,LastName_853,Position_853,Departament_853,1853
FirstName_854,LastName_854,Position_854,Departament_854,1854
FirstName_855,LastName_855,Position_855,Departament_855,1855
FirstName_856,LastName_856,Position_856,Departament_856,1856
FirstName_857,LastName_857,Position_857,Departament_857,1857
FirstName_858,LastName_858,Position_858,Departament_858,1858
FirstName_859,LastName_859,Position_859,Departament_859,1859
FirstName_860,LastName_860,Position_860,Departament_860,1860
FirstName_861,LastName_861,Position_861,Departament_861,1861
FirstName_862,LastName_862,Position_862,Departament_862,1862
FirstName_863,LastName_863,Position_863,Departament_863,1863
FirstName_864,LastName_864,Position_864,Departament_864,1864
FirstName_865,LastName_865,Position_865,Departament_865,1865
FirstName_866,LastName_866,Position_866,Departament_866,1866
FirstName_867,LastName_867,Position_867,Departament_867,1867
FirstName_868,LastName_868,Position_868,Departament_868,1868
FirstName_869,LastName_869,Position_869,Departament_869,1869
FirstName_870,LastName_870,Position_870,Departament_870,1870
FirstName_871,LastName_871,Position_871,Departament_871,1871
FirstName_872,LastName_872,Position_872,Departament_872,1872
FirstName_873,LastName_873,Position_873,Departament_873,1873
FirstName_874,LastName_874,Position_874,Departament_874,1874
FirstName_875,LastName_875,Position_875,Departament_875,1875
FirstName_876,LastName_876,Position_876,Departament_876,1876
FirstName_877,LastName_877,Position_877,Departament_877,1877
FirstName_878,LastName_878,Position_878,Departament_878,1878
FirstName_879,LastName_879,Position_879,Departament_879,1879
FirstName_880,LastName_880,Position_880,Departament_880,1880
FirstName_881,LastName_881,Position_881,Departament_881,1881
FirstName_882,LastName_882,Position_882,Departament_882,1882
FirstName_883,LastName_883,Position_883,Departament_883,1883
FirstName_884,LastName_884,Position_884,Departament_884,1884
FirstName_885,LastName_885,Position_885,Departament_885,1885
FirstName_886,LastName_886,Position_886,Departament_886,1886
FirstName_887,LastName_887,Position_887,Departament_887,1887
FirstName_888,LastName_888,Position_888,Departament_888,1888
FirstName_889,LastName_889,Position_889,Departament_889,1889
FirstName_890,LastName_890,Position_890,Departament_890,1890
FirstName_891,LastName_891,Position_891,Departament_891,1891
FirstName_892,LastName_892,Position_892,Departament_892,1892
FirstName_893,LastName_893,Position_893,Departament_893,1893
FirstName_894,LastName_894,Position_894,Departament_894,1894
FirstName_895,LastName_895,Position_895,Departament_895,1895
FirstName_896,LastName_896,Position_896,Departament_896,1896
FirstName_897,LastName_897,Position_897,Departament_897,1897
FirstName_898,LastName_898,Position_898,Departament_898,1898
FirstName_899,LastName_899,Position_899,Departament_899,1899
FirstName_900,LastName_900,Position_900,Departament_900,1900
FirstName_901,LastName_901,Position_901,Departament_901,1901
FirstName_902,LastName_902,Position_902,Departament_902,1902
FirstName_903,LastName_903,Position_903,Departament_903,1903
FirstName_904,LastName_904,Position_904,Departament_904,1904
FirstName_905,LastName_905,Position_905,Departament_905,1905
FirstName_906,LastName_906,Position_906,Departament_906,1906
FirstName_907,LastName_907,Position_907,Departament_907,1907
FirstName_908,LastName_908,Position_908,Departament_908,1908
FirstName_909,LastName_909,Position_909,Departament_909,1909
FirstName_910,LastName_910,Position_910,Departament_910,1910
FirstName_911,LastName_911,Position_911,Departament_911,1911
FirstName_912,LastName_912,Position_912,Departament_912,1912
FirstName_913,LastName_913,Position_913,Departament_913,1913
FirstName_914,LastName_914,Position_914,Departament_914,1914
FirstName_915,LastName_915,Position_915,Departament_915,1915
FirstName_916,LastName_916,Position_916,Departament_916,1916
FirstName_917,LastName_917,Position_917,Departament_917,1917
FirstName_918,LastName_918,Position_918,Departament_918,1918
FirstName_919,LastName_919,Position_919,Departament_919,1919
FirstName_920,LastName_920,Position_920,Departament_920,1920
FirstName_921,LastName_921,Position_921,Departament_921,1921
FirstName_922,LastName_922,Position_922,Departament_922,1922
FirstName_923,LastName_923,Position_923,Departament_923,1923
FirstName_924,LastName_924,Position_924,Departament_924,1924
FirstName_925,LastName_925,Position_925,Departament_925,1925
FirstName_926,LastName_926,Position_926,Departament_926,1926
FirstName_927,LastName_927,Position_927,Departament_927,1927
FirstName_928,LastName_928,Position_928,Departament_928,1928
FirstName_929,LastName_929,Position_929,Departament_929,1929
FirstName_930,LastName_930,Position_930,Departament_930,1930
FirstName_931,LastName_931,Position_931,Departament_931,1931
FirstName_932,LastName_932,Position_932,Departament_932,1932
FirstName_933,LastName_933,Position_933,Departament_933,1933
FirstName_934,LastName_934,Position_934,Departament_934,1934
FirstName_935,LastName_935,Position_935,Departament_935,1935
FirstName_936,LastName_936,Position_936,Departament_936,1936
FirstName_937,LastName_937,Position_937,Departament_937,1937
FirstName_938,LastName_938,Position_938,Departament_938,1938
FirstName_939,LastName_939,Position_939,Departament_939,1939
FirstName_940,LastName_940,Position_940,Departament_940,1940
FirstName_941,LastName_941,Position_941,Departament_941,1941
FirstName_942,LastName_942,Position_942,Departament_942,1942
FirstName_943,LastName_943,Position_943,Departament_943,1943
FirstName_944,LastName_944,Position_944,Departament_944,1944
FirstName_945,LastName_945,Position_945,Departament_945,1945
FirstName_946,LastName_946,Position_946,Departament_946,1946
FirstName_947,LastName_947,Position_947,Departament_947,1947
FirstName_948,LastName_948,Position_948,Departament_948,1948
FirstName_949,LastName_949,Position_949,Departament_949,1949
FirstName_950,LastName_950,Position_950,Departament_950,1950
FirstName_951,LastName_951,Position_951,Departament_951,1951
FirstName_952,LastName_952,Position_952,Departament_952,1952
FirstName_953,LastName_953,Position_953,Departament_953,1953
FirstName_954,LastName_954,Position_954,Departament_954,1954
FirstName_955,LastName_955,Position_955,Departament_955,1955
FirstName_956,LastName_956,Position_956,Departament_956,1956
FirstName_957,LastName_957,Position_957,Departament_957,1957
FirstName_958,LastName_958,Position_958,Departament_958,1958
FirstName_959,LastName_959,Position_959,Departament_959,1959
FirstName_960,LastName_960,Position_960,Departament_960,1960
FirstName_961,LastName_961,Position_961,Departament_961,1961
FirstName_962,LastName_962,Position_962,Departament_962,1962
FirstName_963,LastName_963,Position_963,Departament_963,1963
FirstName_964,LastName_964,Position_964,Departament_964,1964
FirstName_965,LastName_965,Position_965,Departament_965,1965
FirstName_966,LastName_966,Position_966,Departament_966,1966
FirstName_967,LastName_967,Position_967,Departament_967,1967
FirstName_968,LastName_968,Position_968,Departament_968,1968
FirstName_969,LastName_969,Position_969,Departament_969,1969
FirstName_970,LastName_970,Position_970,Departament_970,1970
FirstName_971,LastName_971,Position_971,Departament_971,1971
FirstName_972,LastName_972,Position_972,Departament_972,1972
FirstName_973,LastName_973,Position_973,Departament_973,1973
FirstName_974,LastName_974,Position_974,Departament_974,1974
FirstName_975,LastName_975,Position_975,Departament_975,1975
FirstName_976,LastName_976,Position_976,Departament_976,1976
FirstName_977,LastName_977,Position_977,Departament_977,1977
FirstName_978,LastName_978,Position_978,Departament_978,1978
FirstName_979,LastName_979,Position_979,Departament_979,1979
FirstName_980,LastName_980,Position_980,Departament_980,1980
FirstName_981,LastName_981,Position_981,Departament_981,1981
FirstName_982,LastName_982,Position_982,Departament_982,1982
FirstName_983,LastName_983,Position_983,Departament_983,1983
FirstName_984,LastName_984,Position_984,Departament_984,1984
FirstName_985,LastName_985,Position_985,Departament_985,1985
FirstName_986,LastName_986,Position_986,Departament_986,1986
FirstName_987,LastName_987,Position_987,Departament_987,1987
FirstName_988,LastName_988,Position_988,Departament_988,1988
FirstName_989,LastName_989,Position_989,Departament_989,1989
FirstName_990,LastName_990,Position_990,Departament_990,1990
FirstName_991,LastName_991,Position_991,Departament_991,1991
FirstName_992,LastName_992,Position_992,Departament_992,1992
FirstName_993,LastName_993,Position_993,Departament_993,1993
FirstName_994,LastName_994,Position_994,Departament_994,1994
FirstName_995,LastName_995,Position_995,Departament_995,1995
FirstName_996,LastName_996,Position_996,Departament_996,1996
FirstName_997,LastName_997,Position_997,Departament_997,1997
FirstName_998,LastName_998,Position_998,Departament_998,1998
FirstName_999,LastName_999,Position_999,Departament_999,1999
FirstName_1000,LastName_1000,Position_1000,Departament_1000,2000
